{"info":{"_postman_id":"39335951-0e82-4ac1-b796-346042640a80","name":"EMS_Employee_Collection","schema":"https://schema.getpostman.com/json/collection/v2.1.0/collection.json"},"item":[{"name":"http://localhost:8080/api/employees","id":"f212e88c-dd67-4298-b924-b1e21636aef6","protocolProfileBehavior":{"disableBodyPruning":true},"request":{"auth":{"type":"bearer","bearer":[{"key":"token","value":"eyJhbGciOiJIUzM4NCJ9.eyJzdWIiOiJhZG1pbiIsImlhdCI6MTY5NDIzNDMwNywiZXhwIjoxNjk0MjM3OTA3fQ.BgLbFn08GqfF8C3lTs2iewOZ4ls8R2ZcsTYByV1RjaNyJT4mleLsyvVXwCqZk8Mz","type":"string"}]},"method":"POST","header":[],"body":{"mode":"raw","raw":"{\r\n    \"firstName\":\"fsgf\",\r\n    \"lastName\":\"haha\",\r\n    \"email\":\"haha@haha.com\"\r\n}","options":{"raw":{"language":"json"}}},"url":{"raw":"http://localhost:8080/api/employees","protocol":"http","host":["localhost"],"port":"8080","path":["api","employees"]}},"response":[]},{"name":"http://localhost:8080/api/employees","id":"ddd51019-6109-4c46-b51a-dee55964a336","protocolProfileBehavior":{"disableBodyPruning":true},"request":{"auth":{"type":"bearer","bearer":[{"key":"token","value":"eyJhbGciOiJIUzM4NCJ9.eyJzdWIiOiJhZG1pbiIsImlhdCI6MTY5NDIzNDMwNywiZXhwIjoxNjk0MjM3OTA3fQ.BgLbFn08GqfF8C3lTs2iewOZ4ls8R2ZcsTYByV1RjaNyJT4mleLsyvVXwCqZk8Mz","type":"string"}]},"method":"GET","header":[],"url":{"raw":"http://localhost:8080/api/employees","protocol":"http","host":["localhost"],"port":"8080","path":["api","employees"]}},"response":[]},{"name":"http://localhost:8080/api/employees","id":"7691ce17-b31c-4f7f-b028-e4520acb999b","protocolProfileBehavior":{"disableBodyPruning":true},"request":{"auth":{"type":"bearer","bearer":[{"key":"token","value":"eyJhbGciOiJIUzM4NCJ9.eyJzdWIiOiJhZG1pbiIsImlhdCI6MTY5NDIzNDMwNywiZXhwIjoxNjk0MjM3OTA3fQ.BgLbFn08GqfF8C3lTs2iewOZ4ls8R2ZcsTYByV1RjaNyJT4mleLsyvVXwCqZk8Mz","type":"string"}]},"method":"PUT","header":[],"body":{"mode":"raw","raw":"{\r\n    \"firstName\":\"UPDATE\",\r\n    \"lastName\":\"\",\r\n    \"email\":\"1@1.com\"\r\n}","options":{"raw":{"language":"json"}}},"url":{"raw":"http://localhost:8080/api/employees/14","protocol":"http","host":["localhost"],"port":"8080","path":["api","employees","14"]}},"response":[]},{"name":"http://localhost:8080/api/employees/1","id":"a924f156-b5bb-40ac-a9a8-8654953caed8","protocolProfileBehavior":{"disableBodyPruning":true},"request":{"auth":{"type":"bearer","bearer":[{"key":"token","value":"eyJhbGciOiJIUzM4NCJ9.eyJzdWIiOiJhZG1pbiIsImlhdCI6MTY5NDIzNDMwNywiZXhwIjoxNjk0MjM3OTA3fQ.BgLbFn08GqfF8C3lTs2iewOZ4ls8R2ZcsTYByV1RjaNyJT4mleLsyvVXwCqZk8Mz","type":"string"}]},"method":"DELETE","header":[],"url":{"raw":"http://localhost:8080/api/employees/7","protocol":"http","host":["localhost"],"port":"8080","path":["api","employees","7"]}},"response":[]}]}