{"info":{"_postman_id":"8d7ad663-de15-4d74-8a25-241df4869e07","name":"Mock_Server_Test","schema":"https://schema.getpostman.com/json/collection/v2.1.0/collection.json"},"item":[{"name":"Sample_200","id":"8da3d6e1-7d81-453d-ac2c-2d08bd686bf3","protocolProfileBehavior":{"disableBodyPruning":true},"request":{"method":"GET","header":[],"url":{"raw":"https://7dd9c6b1-667c-4930-8ac8-7d8c961631c9.mock.pstmn.io/getData","protocol":"https","host":["7dd9c6b1-667c-4930-8ac8-7d8c961631c9","mock","pstmn","io"],"path":["getData"]}},"response":[{"id":"467b794d-ebc4-4a60-b08b-7d8de30985ac","name":"sample_200_example","originalRequest":{"method":"GET","header":[],"body":{"mode":"raw","raw":"{\r\n    \"example\": \"200\"\r\n}"},"url":{"raw":"https://d47d653b-9915-4357-a476-625dbef58caa.mock.pstmn.io/getData","protocol":"https","host":["d47d653b-9915-4357-a476-625dbef58caa","mock","pstmn","io"],"path":["getData"]}},"code":200,"_postman_previewlanguage":null,"header":null,"cookie":[],"responseTime":null,"body":"{\r\n    \"example\": \"200\"\r\n}"}]},{"name":"Echo_Request","id":"d91e0bc8-b33f-4936-b385-5ff9db57a4f1","protocolProfileBehavior":{"disableBodyPruning":true},"request":{"method":"GET","header":[],"url":{"raw":"https://postman-echo.com/get?test=123","protocol":"https","host":["postman-echo","com"],"path":["get"],"query":[{"key":"test","value":"123"}]}},"response":[]}]}