{"info":{"_postman_id":"945e2773-3a73-4198-8344-1587741dc40d","name":"Student_Collection","schema":"https://schema.getpostman.com/json/collection/v2.1.0/collection.json"},"item":[{"name":"New Request","id":"aa2ea7c8-bc3f-4a2e-a4da-b8b158362195","protocolProfileBehavior":{"disableBodyPruning":true},"request":{"method":"POST","header":[],"body":{"mode":"raw","raw":"{\r\n    \"id\":1,\r\n    \"firstName\": \"ABC\",\r\n    \"lastName\":\"1234\"\r\n\r\n}","options":{"raw":{"language":"json"}}},"url":{"raw":"http://localhost:8080/student/responseEntity/create","protocol":"http","host":["localhost"],"port":"8080","path":["student","responseEntity","create"]}},"response":[]},{"name":"http://localhost:8080/student/5/update","id":"c354e641-903b-4698-8149-372043e3692d","protocolProfileBehavior":{"disableBodyPruning":true},"request":{"method":"PUT","header":[],"body":{"mode":"raw","raw":"{\r\n    \"firstName\": \"ABC\",\r\n    \"lastName\":\"1234\"\r\n}","options":{"raw":{"language":"json"}}},"url":{"raw":"http://localhost:8080/student/5/update","protocol":"http","host":["localhost"],"port":"8080","path":["student","5","update"]}},"response":[]},{"name":"http://localhost:8080/student/5/delete","id":"090b5e55-513a-4e14-ac53-fa538ee69eba","protocolProfileBehavior":{"disableBodyPruning":true},"request":{"method":"DELETE","header":[],"url":{"raw":"http://localhost:8080/student/5/delete","protocol":"http","host":["localhost"],"port":"8080","path":["student","5","delete"]}},"response":[]},{"name":"http://localhost:8080/student/responseEntity/header","id":"573cd481-c263-4262-9ff3-22a5c5e6fddc","protocolProfileBehavior":{"disableBodyPruning":true},"request":{"method":"GET","header":[],"url":{"raw":"http://localhost:8080/student/responseEntity/header","protocol":"http","host":["localhost"],"port":"8080","path":["student","responseEntity","header"]}},"response":[]}]}