{"info":{"_postman_id":"bd350218-e834-48fd-9318-ff1e9b631e1a","name":"Todo_Collection","schema":"https://schema.getpostman.com/json/collection/v2.1.0/collection.json"},"item":[{"name":"http://localhost:8080/api/todos","id":"02b8508e-e12f-48b1-953b-5384294527cd","protocolProfileBehavior":{"disableBodyPruning":true},"request":{"auth":{"type":"bearer","bearer":[{"key":"token","value":"eyJhbGciOiJIUzM4NCJ9.eyJzdWIiOiJhZG1pbiIsImlhdCI6MTY5MzAzMjk0MiwiZXhwIjoxNjkzMDM2NTQyfQ.FxeLXgJGom_zJ_mArRHoy7QxWcaXRxkeUPidVWfLU9-ko6ndr_R-LxYg187f0Dj_","type":"string"}]},"method":"POST","header":[],"body":{"mode":"raw","raw":"{\r\n    \"title\":\"abc5\",\r\n    \"description\":\"abc5\",\r\n    \"completed\":true\r\n}","options":{"raw":{"language":"json"}}},"url":{"raw":"http://localhost:8080/api/todos","protocol":"http","host":["localhost"],"port":"8080","path":["api","todos"]}},"response":[]},{"name":"http://localhost:8080/api/todos","id":"622815bc-74a1-40ae-b911-2f8e3d29717b","protocolProfileBehavior":{"disableBodyPruning":true},"request":{"auth":{"type":"basic","basic":[{"key":"password","value":"DC2@email.com","type":"string"},{"key":"username","value":"DC2","type":"string"}]},"method":"GET","header":[],"url":{"raw":"http://localhost:8080/api/todos","protocol":"http","host":["localhost"],"port":"8080","path":["api","todos"]}},"response":[]},{"name":"Register","id":"69428c04-d3f9-4e9c-8f43-d4eebdb02a30","protocolProfileBehavior":{"disableBodyPruning":true},"request":{"method":"POST","header":[],"body":{"mode":"raw","raw":"{\r\n    \"name\":\"DC3\",\r\n    \"username\":\"DC3\",\r\n    \"email\":\"DC2@email.com\",\r\n    \"password\":\"DC2@email.com\"\r\n}\r\n","options":{"raw":{"language":"json"}}},"url":{"raw":"http://localhost:8080/api/auth/register","protocol":"http","host":["localhost"],"port":"8080","path":["api","auth","register"]}},"response":[]},{"name":"Login","id":"efb13578-7bea-48e3-9583-af83a38f5fda","protocolProfileBehavior":{"disableBodyPruning":true},"request":{"method":"POST","header":[],"body":{"mode":"raw","raw":"{\r\n    \"usernameOrEmail\":\"admin\",\r\n    \"password\":\"admin101\"\r\n}","options":{"raw":{"language":"json"}}},"url":{"raw":"http://localhost:8080/api/auth/login","protocol":"http","host":["localhost"],"port":"8080","path":["api","auth","login"]}},"response":[]}]}