{"info":{"_postman_id":"ca46f6f2-11af-47a1-91b6-a17a19691029","name":"Actuator","schema":"https://schema.getpostman.com/json/collection/v2.1.0/collection.json"},"item":[{"name":"http://localhost:8080/actuator","id":"4351bce4-0117-4569-8f0e-e7004c542ce2","protocolProfileBehavior":{"disableBodyPruning":true},"request":{"auth":{"type":"bearer","bearer":[{"key":"token","value":"eyJhbGciOiJIUzM4NCJ9.eyJzdWIiOiJhZG1pbiIsImlhdCI6MTY5NDIzNjYwMCwiZXhwIjoxNjk0MjQwMjAwfQ.WGKnxmUrWvCI-IKusoPXt6eZ1LsaJvcjdEEFlNDu4LAWzFITpEq_aXCrGJavSjYU","type":"string"}]},"method":"GET","header":[],"url":{"raw":"http://localhost:8080/actuator","protocol":"http","host":["localhost"],"port":"8080","path":["actuator"]}},"response":[]},{"name":"http://localhost:8080/actuator/info","id":"98410262-3813-41df-a2d7-095e06e0acbb","protocolProfileBehavior":{"disableBodyPruning":true},"request":{"auth":{"type":"bearer","bearer":[{"key":"token","value":"eyJhbGciOiJIUzM4NCJ9.eyJzdWIiOiJhZG1pbiIsImlhdCI6MTY5NDIzNjYwMCwiZXhwIjoxNjk0MjQwMjAwfQ.WGKnxmUrWvCI-IKusoPXt6eZ1LsaJvcjdEEFlNDu4LAWzFITpEq_aXCrGJavSjYU","type":"string"}]},"method":"GET","header":[],"url":{"raw":"{{url}}/actuator/info","host":["{{url}}"],"path":["actuator","info"]}},"response":[]},{"name":"http://localhost:8080/actuator/health","id":"c5474646-a922-4f4f-a4f6-b6a8f2ee0d07","protocolProfileBehavior":{"disableBodyPruning":true},"request":{"method":"GET","header":[],"url":{"raw":"http://localhost:8080/actuator/health","protocol":"http","host":["localhost"],"port":"8080","path":["actuator","health"]}},"response":[]},{"name":"http://localhost:8080/actuator/beans","id":"0e36af5c-00ed-49ac-839a-200b26170e00","protocolProfileBehavior":{"disableBodyPruning":true},"request":{"method":"GET","header":[],"url":{"raw":"http://localhost:8080/actuator/beans","protocol":"http","host":["localhost"],"port":"8080","path":["actuator","beans"]}},"response":[]},{"name":"http://localhost:8080/actuator/conditions","id":"7b5b2670-3ea7-4b1c-9a90-ac47d67f44ca","protocolProfileBehavior":{"disableBodyPruning":true},"request":{"method":"GET","header":[],"url":{"raw":"http://localhost:8080/actuator/conditions","protocol":"http","host":["localhost"],"port":"8080","path":["actuator","conditions"]}},"response":[]},{"name":"http://localhost:8080/actuator/mappings","id":"891913a3-4ace-4852-b66e-117dd8a4498b","protocolProfileBehavior":{"disableBodyPruning":true},"request":{"method":"GET","header":[],"url":{"raw":"http://localhost:8080/actuator/mappings","protocol":"http","host":["localhost"],"port":"8080","path":["actuator","mappings"]}},"response":[]},{"name":"http://localhost:8080/actuator/configprops","id":"36eac717-c9e4-4369-aa86-1225927af835","protocolProfileBehavior":{"disableBodyPruning":true},"request":{"method":"GET","header":[],"url":{"raw":"http://localhost:8080/actuator/configprops","protocol":"http","host":["localhost"],"port":"8080","path":["actuator","configprops"]}},"response":[]},{"name":"http://localhost:8080/actuator/metrics","id":"2f2d2413-aa42-4f47-bb3f-179d43c9829b","protocolProfileBehavior":{"disableBodyPruning":true},"request":{"method":"GET","header":[],"url":{"raw":"http://localhost:8080/actuator/metrics","protocol":"http","host":["localhost"],"port":"8080","path":["actuator","metrics"]}},"response":[]},{"name":"http://localhost:8080/actuator/env","id":"8a3da465-7a9c-493c-a465-83a712f0cfc1","protocolProfileBehavior":{"disableBodyPruning":true},"request":{"method":"GET","header":[],"url":{"raw":"http://localhost:8080/actuator/env","protocol":"http","host":["localhost"],"port":"8080","path":["actuator","env"]}},"response":[]},{"name":"http://localhost:8080/actuator/threaddump","id":"cc07ab99-e442-49af-ba32-d1fd0dcf8766","protocolProfileBehavior":{"disableBodyPruning":true},"request":{"method":"GET","header":[],"url":{"raw":"http://localhost:8080/actuator/threaddump","protocol":"http","host":["localhost"],"port":"8080","path":["actuator","threaddump"]}},"response":[]},{"name":"http://localhost:8080/actuator/loggers","id":"27b433d7-4bb4-4536-b594-01406c074188","protocolProfileBehavior":{"disableBodyPruning":true},"request":{"method":"GET","header":[],"url":{"raw":"http://localhost:8080/actuator/loggers","protocol":"http","host":["localhost"],"port":"8080","path":["actuator","loggers"]}},"response":[]},{"name":"http://localhost:8080/actuator/loggers/org.skg.emsbackend.EmsBackendApplication","id":"5b8b7500-7f0d-445b-9e3e-f1efdf43b422","protocolProfileBehavior":{"disableBodyPruning":true},"request":{"auth":{"type":"bearer","bearer":[{"key":"token","value":"eyJhbGciOiJIUzM4NCJ9.eyJzdWIiOiJhZG1pbiIsImlhdCI6MTY5NDIzNjYwMCwiZXhwIjoxNjk0MjQwMjAwfQ.WGKnxmUrWvCI-IKusoPXt6eZ1LsaJvcjdEEFlNDu4LAWzFITpEq_aXCrGJavSjYU","type":"string"}]},"method":"POST","header":[],"body":{"mode":"raw","raw":"{\r\n  \"effectiveLevel\": \"WARN\"\r\n}","options":{"raw":{"language":"json"}}},"url":{"raw":"http://localhost:8080/actuator/loggers/org.springdoc","protocol":"http","host":["localhost"],"port":"8080","path":["actuator","loggers","org.springdoc"]}},"response":[]},{"name":"http://localhost:8080/actuator/shutdown","id":"11f81eef-3eeb-4837-961b-2c6c7b8897b8","protocolProfileBehavior":{"disableBodyPruning":true},"request":{"auth":{"type":"bearer","bearer":[{"key":"token","value":"eyJhbGciOiJIUzM4NCJ9.eyJzdWIiOiJhZG1pbiIsImlhdCI6MTY5NDIzNjYwMCwiZXhwIjoxNjk0MjQwMjAwfQ.WGKnxmUrWvCI-IKusoPXt6eZ1LsaJvcjdEEFlNDu4LAWzFITpEq_aXCrGJavSjYU","type":"string"}]},"method":"POST","header":[],"url":{"raw":"http://localhost:8080/actuator/shutdown","protocol":"http","host":["localhost"],"port":"8080","path":["actuator","shutdown"]}},"response":[]}],"auth":{"type":"bearer","bearer":[{"key":"token","value":"eyJhbGciOiJIUzM4NCJ9.eyJzdWIiOiJhZG1pbiIsImlhdCI6MTY5NDIzNjYwMCwiZXhwIjoxNjk0MjQwMjAwfQ.WGKnxmUrWvCI-IKusoPXt6eZ1LsaJvcjdEEFlNDu4LAWzFITpEq_aXCrGJavSjYU","type":"string"}]},"event":[{"listen":"prerequest","script":{"id":"46142c14-e1fe-48e4-886f-7805a05e391a","type":"text/javascript","exec":[""]}},{"listen":"test","script":{"id":"5c91d2db-fff1-4677-8398-aa921d1d4f5d","type":"text/javascript","exec":[""]}}],"variable":[{"id":"c31563b4-652d-4b9e-ac5d-b4cdefc4db33","key":"{basePath}","value":"actuator","type":"string"}]}