{"info":{"_postman_id":"d78f4655-e006-41ef-a289-909c2324dd9e","name":"EMS_Department_Collection","schema":"https://schema.getpostman.com/json/collection/v2.1.0/collection.json"},"item":[{"name":"http://localhost:8080/api/departments","id":"0917807c-ccb7-4b1d-aa23-4e7b9b7bf188","protocolProfileBehavior":{"disableBodyPruning":true},"request":{"method":"POST","header":[],"body":{"mode":"raw","raw":"{\r\n    \"id\":11,\r\n    \"departmentName\":\"Dept11\",\r\n    \"departmentDescription\":\"Department 11\"\r\n}","options":{"raw":{"language":"json"}}},"url":{"raw":"http://localhost:8080/api/departments","protocol":"http","host":["localhost"],"port":"8080","path":["api","departments"]}},"response":[]},{"name":"http://localhost:8080/api/departments/5","id":"0d09eb98-9964-4107-bac8-5999595823ec","protocolProfileBehavior":{"disableBodyPruning":true},"request":{"method":"DELETE","header":[],"url":{"raw":"http://localhost:8080/api/departments/11","protocol":"http","host":["localhost"],"port":"8080","path":["api","departments","11"]}},"response":[]},{"name":"http://localhost:8080/api/departments/5","id":"7474bf56-ed36-4a8b-97ed-4e34684089cc","protocolProfileBehavior":{"disableBodyPruning":true},"request":{"method":"PUT","header":[],"body":{"mode":"raw","raw":"{\r\n    \"departmentName\":\"Dept11-update\",\r\n    \"departmentDescription\":\"Department 11-update\"\r\n}","options":{"raw":{"language":"json"}}},"url":{"raw":"http://localhost:8080/api/departments/11","protocol":"http","host":["localhost"],"port":"8080","path":["api","departments","11"]}},"response":[]},{"name":"http://localhost:8080/api/employees","id":"2d28da91-4dea-47e9-bc26-070b5a0c1d09","protocolProfileBehavior":{"disableBodyPruning":true},"request":{"method":"GET","header":[],"url":{"raw":"http://localhost:8080/api/departments","protocol":"http","host":["localhost"],"port":"8080","path":["api","departments"]}},"response":[]},{"name":"http://localhost:8080/api/employees/4","id":"68ac25e2-03f4-4f68-8bbe-dfa9eb5aa941","protocolProfileBehavior":{"disableBodyPruning":true},"request":{"method":"GET","header":[],"url":{"raw":"http://localhost:8080/api/departments/11","protocol":"http","host":["localhost"],"port":"8080","path":["api","departments","11"]}},"response":[]}]}